strategy,peak_infected,peak_infected_pct,peak_tick,final_susceptible_pct,final_infected_pct,final_recovered_pct,duration,execution_time
baseline,84.86,80.81904761904762,29,17.923809523809524,21.447619047619046,60.62857142857142,500,1.1048364160005804
netshield_edge_suppression,73.54,70.03809523809524,56,30.81904761904762,15.695238095238096,53.48571428571428,500,1.040969835999931
centrality_edge_suppression,71.22,67.82857142857142,67,31.02857142857143,16.476190476190478,52.49523809523809,500,1.0330643249999412
greedy_edge_weight_suppression,82.74,78.8,35,22.380952380952383,18.4,59.219047619047615,500,0.7304303289993186
reliable_cluster_edge_suppression,79.22,75.44761904761904,31,22.323809523809526,20.20952380952381,57.46666666666667,500,0.7751085589998183
size_constrained_mpf_suppression,83.02,79.06666666666666,24,20.97142857142857,20.400000000000002,58.62857142857143,500,0.7571356879998348
average_linkage_mpf_suppression,81.64,77.75238095238095,28,20.590476190476192,20.17142857142857,59.23809523809525,500,0.7744250229998215
