strategy,peak_infected,peak_infected_pct,peak_tick,final_susceptible_pct,final_infected_pct,final_recovered_pct,duration,execution_time
baseline,660.84,13.374620522161507,382,76.26917628010524,12.03238210888484,11.698441611009915,500,19.084270912999273
netshield_edge_suppression,330.56,6.690143695608176,384,87.84699453551913,6.182958915199353,5.9700465492815225,500,22.531604380999852
centrality_edge_suppression,363.64,7.359643796802266,350,86.7103825136612,6.607974094312892,6.681643392025906,500,21.870517330999974
greedy_edge_weight_suppression,265.52,5.3738109694393845,495,90.14531471362073,5.302570329892734,4.552114956486541,500,21.084284661999845
reliable_cluster_edge_suppression,666.7,13.493219995952238,350,76.25622343655131,11.858733049989882,11.885043513458813,500,30.5307709409999
size_constrained_mpf_suppression,315.58,6.386966201173851,340,88.06516899413074,5.87370977534912,6.061121230520138,500,24.56512122699951
average_linkage_mpf_suppression,351.86,7.121230520137624,373,86.90791337785872,6.2412467111920655,6.850839910949201,500,24.706753358999777
