strategy,peak_infected,peak_infected_pct,peak_tick,final_susceptible_pct,final_infected_pct,final_recovered_pct,duration,execution_time
baseline,994.1,66.71812080536913,22,31.543624161073826,17.81208053691275,50.64429530201342,500,7.126845639999374
netshield_edge_suppression,861.2,57.79865771812081,35,40.22147651006711,15.241610738255032,44.53691275167785,500,18.18424361399957
centrality_edge_suppression,907.5,60.90604026845637,31,37.52348993288591,16.523489932885905,45.95302013422819,500,21.11886138000409
greedy_edge_weight_suppression,975.4,65.46308724832215,19,32.919463087248324,17.536912751677853,49.54362416107383,500,10.85251662999508
reliable_cluster_edge_suppression,999.7,67.09395973154363,17,32.624161073825505,17.483221476510067,49.89261744966443,500,13.620086486000218
size_constrained_mpf_suppression,961.5,64.53020134228188,21,33.328859060402685,17.302013422818792,49.369127516778526,500,13.110305158013944
