strategy,peak_infected,peak_infected_pct,peak_tick,final_susceptible_pct,final_infected_pct,final_recovered_pct,duration,execution_time
baseline,209.0,86.36363636363636,17,10.057851239669422,24.34710743801653,65.59504132231405,500,15.567879538999478
netshield_edge_suppression,206.16,85.19008264462809,21,11.008264462809917,24.049586776859506,64.94214876033058,500,32.74242837700149
centrality_edge_suppression,207.0,85.53719008264463,21,10.68595041322314,24.41322314049587,64.90082644628099,500,31.180248316999496
greedy_edge_weight_suppression,206.94,85.51239669421487,20,10.735537190082646,24.06611570247934,65.19834710743801,500,13.486396532000072
reliable_cluster_edge_suppression,207.24,85.63636363636364,18,10.56198347107438,24.107438016528924,65.33057851239668,500,13.885375891000876
size_constrained_mpf_suppression,207.0,85.53719008264463,18,10.801652892561982,24.05785123966942,65.14049586776859,500,13.528716179000185
average_linkage_mpf_suppression,207.4,85.70247933884298,20,10.314049586776859,23.81818181818182,65.86776859504133,500,14.674025950998839
