strategy,peak_infected,peak_infected_pct,peak_tick,final_susceptible_pct,final_infected_pct,final_recovered_pct,duration,execution_time
baseline,707.7,47.49664429530201,72,45.4765100671141,14.852348993288592,39.671140939597315,500,7.239612639998086
netshield_edge_suppression,348.0,23.355704697986575,45,76.0738255033557,6.288590604026846,17.63758389261745,500,14.011084074998507
centrality_edge_suppression,448.2,30.080536912751676,27,68.8255033557047,8.208053691275168,22.966442953020135,500,15.424224934991798
greedy_edge_weight_suppression,683.7,45.88590604026846,24,52.93959731543624,12.288590604026846,34.77181208053691,500,6.677389528005733
reliable_cluster_edge_suppression,696.3,46.73154362416107,23,51.76510067114094,12.758389261744965,35.4765100671141,500,9.101568173005944
size_constrained_mpf_suppression,818.4,54.9261744966443,76,38.70469798657719,16.449664429530202,44.845637583892625,500,11.576308247007546
