strategy,peak_infected,peak_infected_pct,peak_tick,final_susceptible_pct,final_infected_pct,final_recovered_pct,duration,execution_time
baseline,850.0,28.333333333333332,147,56.854444444444454,1.9944444444444445,41.15111111111111,500,13.714015561010456
netshield_edge_suppression,644.4,21.48,142,65.50333333333333,2.1711111111111117,32.32555555555556,500,20.67446522699902
centrality_edge_suppression,703.9,23.463333333333335,157,63.808888888888895,1.8488888888888888,34.342222222222226,500,22.05088297399925
greedy_edge_weight_suppression,530.1666666666666,17.67222222222222,185,65.2611111111111,3.5055555555555555,31.233333333333334,500,12.314714567997726
reliable_cluster_edge_suppression,826.5333333333333,27.55111111111111,150,58.261111111111106,1.7844444444444445,39.95444444444445,500,12.247453685995424
size_constrained_mpf_suppression,486.03333333333336,16.201111111111114,130,69.37333333333333,2.896666666666667,27.73,500,11.671255711989943
average_linkage_mpf_suppression,512.2666666666667,17.075555555555553,133,69.70333333333333,2.3833333333333333,27.913333333333334,500,12.792590443990775
louvain_edge_suppression,456.53333333333336,15.217777777777778,119,71.25777777777778,3.075555555555556,25.666666666666664,500,20.31103680000524
