strategy,peak_infected,peak_infected_pct,peak_tick,final_susceptible_pct,final_infected_pct,final_recovered_pct,duration,execution_time
baseline,186.28,62.093333333333334,79,35.586666666666666,14.593333333333334,49.82,500,1.6327754269996149
netshield_edge_suppression,164.52,54.84,109,38.71333333333333,15.033333333333335,46.25333333333333,500,1.8345328360001076
centrality_edge_suppression,170.22,56.74,116,38.5,14.166666666666666,47.333333333333336,500,1.9197080019998793
greedy_edge_weight_suppression,172.8,57.60000000000001,107,38.13333333333333,14.946666666666667,46.919999999999995,500,1.336925278000308
reliable_cluster_edge_suppression,180.58,60.193333333333335,95,36.03333333333333,14.64,49.32666666666666,500,1.6921021399998608
size_constrained_mpf_suppression,177.04,59.01333333333333,100,35.126666666666665,15.946666666666667,48.92666666666667,500,1.473395200000141
average_linkage_mpf_suppression,178.3,59.43333333333334,95,36.54666666666667,14.726666666666667,48.72666666666667,500,1.3884922180000103
