strategy,peak_infected,peak_infected_pct,peak_tick,final_susceptible_pct,final_infected_pct,final_recovered_pct,duration,execution_time
baseline,671.56,13.591580651689942,367,76.30601092896175,11.398502327464078,12.295486743574175,500,14.907971012999951
netshield_edge_suppression,351.64,7.116777980165959,467,86.76178911151588,7.073466909532483,6.16474397895163,500,18.69780751999997
centrality_edge_suppression,370.42,7.4968629832017815,416,86.20319773325238,7.279093300951225,6.517708965796398,500,20.286997259000145
greedy_edge_weight_suppression,394.18,7.977737300141671,419,85.60170006071645,7.585913782635094,6.812386156648452,500,17.11370480300002
reliable_cluster_edge_suppression,646.22,13.07872900222627,411,76.14005262092694,12.167577413479053,11.69236996559401,500,21.331597579000118
size_constrained_mpf_suppression,567.96,11.49483910139648,381,79.18680429062942,10.792956891317546,10.020238818053025,500,20.507146554999963
average_linkage_mpf_suppression,609.3,12.33151183970856,337,78.09917020845982,10.647237401335763,11.253592390204412,500,20.265849567999794
