strategy,peak_infected,peak_infected_pct,peak_tick,final_susceptible_pct,final_infected_pct,final_recovered_pct,duration,execution_time
baseline,992.66,66.62147651006711,19,32.15838926174497,17.664429530201343,50.17718120805369,500,14.640510094000092
netshield_edge_suppression,860.32,57.73959731543624,30,40.091275167785234,15.724832214765103,44.183892617449665,500,26.07946132699999
centrality_edge_suppression,899.1,60.34228187919464,25,37.557046979865774,16.586577181208053,45.85637583892617,500,28.281106533999264
greedy_edge_weight_suppression,977.96,65.63489932885906,19,32.77181208053692,17.612080536912753,49.61610738255033,500,17.966104848000214
reliable_cluster_edge_suppression,994.08,66.71677852348994,21,31.74630872483221,18.205369127516775,50.04832214765101,500,21.696967486000176
size_constrained_mpf_suppression,965.0,64.76510067114094,21,33.794630872483225,17.210738255033554,48.99463087248322,500,20.49198088400044
average_linkage_mpf_suppression,973.02,65.30335570469799,19,33.44026845637584,17.464429530201343,49.09530201342282,500,23.14320854200014
