strategy,peak_infected,peak_infected_pct,peak_tick,final_susceptible_pct,final_infected_pct,final_recovered_pct,duration,execution_time
baseline,912.4333333333333,57.969080897924606,37,41.43371452774248,14.875052943667939,43.69123252858959,500,9.358909676999247
netshield_edge_suppression,876.5666666666667,55.69038542990259,39,43.377806014400676,14.625158831003812,41.99703515459551,500,11.323962038999525
centrality_edge_suppression,876.5666666666667,55.69038542990259,39,43.377806014400676,14.625158831003812,41.99703515459551,500,11.472498367000298
greedy_edge_weight_suppression,904.6666666666666,57.47564591274883,38,41.605252011859385,14.807285048708174,43.58746293943245,500,10.93041145999996
reliable_cluster_edge_suppression,912.4333333333333,57.969080897924606,37,41.43371452774248,14.875052943667939,43.69123252858959,500,14.288028478000342
size_constrained_mpf_suppression,869.9666666666667,55.271071579839045,40,43.80135535789919,14.485387547649301,41.71325709445151,500,13.117883894999977
average_linkage_mpf_suppression,897.4666666666667,57.01821262177044,40,42.06692079627277,14.709868699703515,43.223210504023726,500,16.257724310000413
