strategy,peak_infected,peak_infected_pct,peak_tick,final_susceptible_pct,final_infected_pct,final_recovered_pct,duration,execution_time
baseline,103.1,2.08662214126695,496,96.61741887607097,2.0818997503879104,1.3006813735411187,500,6.987803252006415
netshield_edge_suppression,49.266666666666666,0.997099102745733,498,98.27902583822437,0.993725966403562,0.7272481953720569,500,13.286236605999875
centrality_edge_suppression,56.86666666666667,1.1509141199487283,498,98.01996896714566,1.1414693381906496,0.8385616946636982,500,12.412305420992197
greedy_edge_weight_suppression,12.266666666666667,0.248262834783782,442,99.60601767523444,0.23409566214666397,0.15988666261890305,500,3.3821910260012373
reliable_cluster_edge_suppression,103.1,2.08662214126695,496,96.61741887607097,2.0818997503879104,1.3006813735411187,500,9.448502061000909
size_constrained_mpf_suppression,36.0,0.7285974499089253,500,98.62376037239426,0.7285974499089253,0.6476421776968225,500,19.874988315001247
average_linkage_mpf_suppression,51.7,1.0463468933414288,391,98.06989138500978,1.0011468663563383,0.9289617486338797,500,19.11311881498841
louvain_edge_suppression,13.533333333333333,0.27389867098428117,287,99.50010119409028,0.2604061256155974,0.2394926802941375,500,17.050750934999087
