strategy,peak_infected,peak_infected_pct,peak_tick,final_susceptible_pct,final_infected_pct,final_recovered_pct,duration,execution_time
baseline,295.1333333333333,18.750529436679372,21,78.26980093180855,0.19695044472681067,21.533248623464633,500,2.889206751002348
netshield_edge_suppression,278.1,17.66836086404066,24,78.61075815332485,0.3557814485387547,21.033460398136384,500,4.488006223000411
centrality_edge_suppression,269.43333333333334,17.117746717492587,23,79.93434985175773,0.09529860228716645,19.970351545955104,500,4.357701122000435
greedy_edge_weight_suppression,278.7,17.706480304955527,22,79.4599745870394,0.16094875052943666,20.379076662431174,500,3.093772075000743
reliable_cluster_edge_suppression,295.1333333333333,18.750529436679372,21,78.26980093180855,0.19695044472681067,21.533248623464633,500,5.7938469869986875
size_constrained_mpf_suppression,273.46666666666664,17.37399407030919,22,79.36891147818721,0.23506988564167725,20.396018636171114,500,5.780575239998143
average_linkage_mpf_suppression,297.8666666666667,18.924184667513767,20,78.72299872935197,0.15671325709445152,21.12028801355358,500,6.603782678001153
