strategy,peak_infected,peak_infected_pct,peak_tick,final_susceptible_pct,final_infected_pct,final_recovered_pct,duration,execution_time
baseline,703.3666666666667,44.686573485811095,12,50.184243964421846,0.3917831427361288,49.42397289284201,500,4.918789772000309
netshield_edge_suppression,615.3666666666667,39.09572215163066,13,54.83693350275307,0.25624735281660316,44.90681914443033,500,6.716621835003025
centrality_edge_suppression,648.1666666666666,41.17958492164337,12,52.75307073274037,0.3346039813638289,46.912325285895804,500,6.66249272099958
greedy_edge_weight_suppression,659.9666666666667,41.92926725963575,15,52.18127911901737,0.34942820838627703,47.46929267259635,500,5.344867026000429
reliable_cluster_edge_suppression,700.7333333333333,44.51927149512918,12,49.985175772977556,0.45743329097839897,49.55739093604405,500,5.957354300000588
size_constrained_mpf_suppression,673.1,42.76365946632783,13,51.85302837780601,0.421431596781025,47.72554002541297,500,6.22881187999883
average_linkage_mpf_suppression,670.4,42.59212198221093,11,51.16687844133841,0.5040237187632359,48.32909783989835,500,10.82390897499863
