strategy,peak_infected,peak_infected_pct,peak_tick,final_susceptible_pct,final_infected_pct,final_recovered_pct,duration,execution_time
baseline,1018.4333333333333,64.70351545955103,55,32.397289284201605,40.46166878441338,27.141041931385008,500,11.349934222998854
netshield_edge_suppression,1012.7333333333333,64.3413807708598,55,32.69800931808555,40.19059720457434,27.111393477340112,500,13.361703828999453
centrality_edge_suppression,1013.0333333333333,64.36044049131723,54,32.54976704786108,40.50825921219822,26.941973739940707,500,13.90390390399989
greedy_edge_weight_suppression,1018.5333333333333,64.7098686997035,56,32.84413384159255,40.01694197373994,27.138924184667513,500,12.521684594001272
reliable_cluster_edge_suppression,1018.4333333333333,64.70351545955103,55,32.397289284201605,40.46166878441338,27.141041931385008,500,16.692865439999878
size_constrained_mpf_suppression,1016.1666666666666,64.55950868276153,56,32.49258788648878,40.357899195256245,27.149512918254974,500,17.428612552999766
average_linkage_mpf_suppression,1012.5333333333333,64.32867429055484,62,32.73612875900042,40.12706480304956,27.13680643795002,500,15.49605890299972
