strategy,peak_infected,peak_infected_pct,peak_tick,final_susceptible_pct,final_infected_pct,final_recovered_pct,duration,execution_time
baseline,1729.52,57.65066666666666,188,28.855333333333334,22.121333333333332,49.02333333333333,500,14.380878052000298
netshield_edge_suppression,1398.18,46.606,199,38.436,20.516666666666666,41.047333333333334,500,23.4234623859993
centrality_edge_suppression,1467.56,48.91866666666667,195,36.73266666666667,20.279333333333334,42.98800000000001,500,26.302869369999826
greedy_edge_weight_suppression,1553.62,51.78733333333333,225,32.408,22.971999999999998,44.62,500,19.628713667999364
reliable_cluster_edge_suppression,1713.74,57.12466666666667,182,30.608666666666668,21.527333333333335,47.864000000000004,500,21.57060093600012
size_constrained_mpf_suppression,1281.22,42.70733333333334,222,32.13333333333333,25.666,42.20066666666666,500,19.891814214000078
average_linkage_mpf_suppression,1153.98,38.466,276,32.970666666666666,27.296,39.733333333333334,500,19.7773947149999
