strategy,peak_infected,peak_infected_pct,peak_tick,final_susceptible_pct,final_infected_pct,final_recovered_pct,duration,execution_time
baseline,866.8,28.89333333333333,148,57.5488888888889,1.7888888888888888,40.66222222222222,500,20.249434368997754
netshield_edge_suppression,632.9333333333333,21.097777777777775,144,65.51777777777778,1.9955555555555555,32.48666666666667,500,33.02212234900071
centrality_edge_suppression,706.6333333333333,23.554444444444446,156,63.187777777777775,1.8344444444444445,34.977777777777774,500,37.495860800998344
greedy_edge_weight_suppression,509.96666666666664,16.99888888888889,185,65.19888888888889,3.7033333333333336,31.097777777777775,500,27.895032394997543
reliable_cluster_edge_suppression,851.0333333333333,28.367777777777775,130,58.11888888888889,1.5644444444444443,40.31666666666667,500,30.048980699000822
size_constrained_mpf_suppression,518.9,17.296666666666667,128,68.74444444444445,2.77,28.485555555555557,500,36.022163344001456
average_linkage_mpf_suppression,522.4,17.413333333333334,121,68.97555555555557,2.7022222222222223,28.32222222222222,500,29.605564345001767
